source,target
,北
,北面
,二十
,山
,滑哥
,赫
,领格
,滑哥
,任所
,遂
,位
,任所
,遂
,庚/辛
,庚/辛/白
,庚/辛/白/银
,庚/辛/青/木
,苏隐
,庚/辛
,庚/辛/白
,庚/辛/白/银
,苏/白
,苏隐
,山/山陵
,茔墓
,山
,领格
,女婿
,配偶
,茔/陵
,向位格
,群山
,群山/陵
,领格
,行
,八
,八
,向位格
,第八
,八
,北
,词尾表领格附加成分
,仁
,仁
,执掌
,斛/胡
, 
,执旗鼓/都统
,制
,仁
,仁
,掌
,领格
,百/一百/招
,昭武
,昭
,百
,昭古得
,召古速
,汉儿
,百
,汉儿
,百
,领格
,昭文
,词尾表复數附加成分
,查乃
,大
,德
,下
,城
,闻听
,道
,度
,美丽/美好
,奉
,奉
,奉献
,词尾表领格附加成分
,乙你割
,无
,卒
,尤堇
,偶宁
,恻
,伊德古
,游/右
,再
,右
,崩/坍塌
,迁徙
,再
,旋
,崩/坍塌
,欲混
,解送
,流转
,运行
,再来
,徙
,徙
,流转
,历膺
,回转
,耶律
,兴旺
,耶律
,月椀
,实封
,用
,云独昆
,夷不耨隐
,宥/姚/药/尧
,道
,尧/药
,尧治
,尧治
,药只
,迁
,迁
,流转
,流传
,《易》
,向位格
,夷瓜
,杨/阳/泱
,杨宁
,遥辇
,遥里/遥辇
,复
,复
,月椀
,耶律
,好/昱
,坍塌
,盈古
,尤尔堪格
,尤勒古里
,夷古衮
,尤勒衮
,尤尔堪格
,（仆）射
,有
,在
,兮
,殗
,严/延/燕
,耶律
,延留
,耶鲁
,太平
,兴盛
,兴盛
,耶律
,太平
,耶律
,兴盛
,兴盛
,兴盛
,耶律
,兴盛
,兴盛
,琰/罨
,永宁
,永宁
,领格
,永宁
,向位格
,糺（军）
,耶宁
,女
,么葛/麽格
, 
,妻/夫人
, 
,皇后/耨斡么/地母
,侯
,氏族
,慕
, 
,令/遵旨
,（皇）后
,向位格
,女
,复
,女
,女（复数）
, 
,妻室
,女眷
,家族
,女
,领格
, 
,皇后
,领格
,  /  
,姨母
,芳
,光泽/辉
,侄女
,氏族
,发展
,楚
,朝隐
,军
,军
,领格
,军
,均/都
,旗鼓
,朝只
,慈特
, 
,执旗鼓/都统
, 
,执旗鼓/都统
,嘲隐
,粆宛
,军
,崇
,欣然
,使承（帐）/继承
,指示/令
,承祧
,亲
,使承（帐）
,使承（帐）
,承祧
,承/承祧
,（继）承
,一
,奥莫/莫斯
,统一/联合
,族
,族
,一
,善/十
,新
,对待
,省
,省
,领格
,守/叔/寿
,（甘）露
,寿/淑
,叔
,守
,领格
,顺
,寿
,山岗/山丘/山
,新
,善
,嘉
,新
,述澜
,释鲁
,释鲁乌
,殇
,善
,权
,（元）帅
,（元）帅
,领格
,夏勒
,时时里
,时时里
,时时邻
,时时里
,十
,审密/石抹
,审密/石抹
,领格
,审密
,叔
,沈/慎/申/神
,少
,鹰
,稍瓦
,领格
,率
,朔（州）
,率
,山
,沙里/郎君
,郎君/沙里
,领格
,舍利
,郎君
,向位格
,郎君（复数）
,郎君班
,夏剌剌
,沙里
,上
,沙赤
,尚/上
,饰
,工
,世里
,石烈
,石烈/乡
,石烈
,献/玄
,蜀
,沈
,善
,善
,石鲁隐
,实六
,石鲁隐
,述列
,水
,水
,圣/胜
,丞
,权
,祥
,善
,褒
,褒
,褒
,善
,隰
,枢/书/署
,枢
,室鲁
,过房
,石鲁隐
,述列
,实力昂
,圣/承
,十保/十
,时时里
,时时里
,夏邻
,善/单
,先
,先隐/先宁
,善宁
,仙峨/仙讷/谢宁
,顺
,顺
,舜
,领格
,好
,善
,乡
,家世
,室/师/史/世/氏/十/食
,师
,使
,领格
,师崇
,领格
,石丑
,沈
,实突宁
,可信赖
,石鲁隐
,西剌
,石剌
,兴
,盛
,昚思
,先
,圣（宗）
,石
,使
,外甥
,嗣
,妻
,配偶
,胜讹
,松峨
,双古里
,实翁兀哩
,少
,高丽
,领格
,蜀
,蜀
,石抹
,五/（招）讨
,五
,召入
,内
,追
,召
,被召
,使入内
,召
,被列入
,桃隈
,下
,专用
,帐
,陶得里
,领格
,陶瑰
,帐
,讨古
,五
,向位格
,五
,向位格
,卯/兔
,陶宁
,乌隐
,（招）讨
,领格
, 
,五院
,北院
,五
,讨得
,刺
,蔡
,齐/漆/迟
,九
,词尾表静词附加成分
,词尾表复数附加成分
,九
,向位格
,九次
,乙室己/乙室己堇
,乙室己（复数）
,乙室己
,乙室己
,斯给
,九
,小
,点
,虎
,胡里斯
,呼哩西
,户
,胡笃古
,胡朱/曷住/合柱
,辽
,胡里斯/胡里只
,哈喇/黑
,虎思/虎斯/强盛
,慧
,弘
,虎
,护/户
,帝
,帝
,领格
,帝室己
,乙室己
,向位格
,帝室己
,帝
,领格
,帝
,向位格
,梯里己
,帝
,领格
,迪
,惕隐（头领）
,惕隐
,惕隐
,帝德
,惕隐
,惕德
,惕隐
,惕德部
,领格
,藩属
,命令
,西
,词尾表复数附加成分
,安
,领格
,马安
,衣
,民
,属于
,法
,属于
,民
,民
,黑
,无
,庶
,曷鲁
,鹰/雁
, 
,黔黎
,领格
,曷鲁宁
,民
,何鲁兀哩
,曷鲁里
,曷鲁宁
,曷鲁隐
,民
,伴侣/伙伴
,何剌
,伙伴/伴侣
,关
,瓦桥关
,曷鲁不
,曷鲁本
,欣喜
,不胜
,卿
,词尾表向位格附加成分
,词尾表使动态附加成分
,寅/虎
,词尾表过去时附加成分
,叛者
,叛
,叛
,哈里
,合里
,韩隐
,显赫
,发光
,志
,志
,志
,志
,志
,铭
,志
,凿刻
,志
,志
,铭
,志
,凿刻
,刻
,志
,志
,书
,铭
,志
,凿刻/雕刻
,志
,显赫
,贤能
,汗
,可汗
,韩/汉/罕
,何乃
,可汗
,领格
,韩宁
,韩隐
,上
,可汗
,领格
,可汗
,汗房
,宾格
,可汗
,领格
,可汗
,可汗
,领格
,可汗
,寅/虎
,虎/蕃珂思/兽皇
,可汗们
,可汗
,领格
,哈华
,合葛
,哈嘎
,汉阿
,哈/何
,合并
,合葬
,座
,和
,领格
,滑
,梓宫
,千金
,小姐
,淑女
,小姐
,丑/牛
,词尾表领格附加成分
,抹鹘
,小
,抹里
,幼
,向位格
,幼
,向位格
,幼/小
,抹里
,领格
,牛群
,地位
,括十钵
,曷斯本
,厝
,置
,摆
,殡葬
,地位
,早晨/朝
,领格
,眠
,摆撒
,何斯罕
,地位
,老
,殡
,殡
,殡
,置/任除
,摆撒里
,葬
,永远/长久
 ,景福
,景福
,永久
,最小的
,安顿
,命名
,被命名
,岁
,享年/年
,龄
,当/正
,岁
,岁
,时
,向位格
,龄
,殇
,欧里本
,欧里不
,欧古恁
,瓯昆
,遥辇
,欧古恁/欧古尼
,欧妮
,瓯昆
,故/因此
,无
,时
,卒/逝/亡
,夭折/殇
,瓯昆
,赐
,褒
,云
,云
,领格
,故
,   
,前妻
,嫁
,嫁
,字
,字
,领格
,字
,字
,向位格
,字
,向位格
,字
,字
,字
,赐
,林乌
,丽克珠/烈束
,里术/丽术里
,赐
,膺
,尚/娶
,夫君
,赐
,诰/膺
,赐
,尚
,御
,婿
,户
,膺/获得
,御
,户
,膺/获得
,御
,武
,武
,领格
,文
,王
,王
,王子
,王
,领格
,王
,领格
,王
,向位格
,王
,领格
,王宁
,王宁
,领格
,东
,东
,安里
,兖里
,子嗣
,血脉/县
,安里
,兖里
,帖剌
,迪里钵
,迭剌
,帖剌
,铁离
,皇/黄
,黄己室
,黄乙斯古
,梯室己
,皇帝
,篁姑
,阿不葛
,混
,清
,青/绿/黑
,格
,额
,乌里
, 
,未嫁
,兀衍
,乌里衍
,戈也昆
,戈也昆
,领格
,格衍
,讹古
,乌鲁古（孳息、牲口）
,乌鲁古（孳息、牲口）
,领格
,翰
,乾
,   
,前妻
,后
,领格
, 
,后裔
,讹里
,讹勒
,平明
,天光彩
,失望
,朔
,讹里本
,朔
,讹里本
,朔
,序言
,讹里本
,乌卢本
,戈勒本
,胡
,古
,忱/笃
,忱
,词尾表副动词附加成分
,驱
,忱/笃
,月
,越
,越
,月
,向位格
,赛邻氏
,向位格
,竹隐乙林免
,月
,越
,月/越
,院/远
,刺/司/子/石
,司
,领格
,司
,向位格
,司
,领格
,律里本
,天辅
,阿鲁盌
,辅佐
,律来
,阿邻
,耶鲁
,臣服
,六
,六
,向位格
,第六
,第六
,六
,职/知
,词尾表静词类附加成分
,知
,镇
,治理
,知
,领格
,（盗）跖
,治
,向位格
,旨
,政
,政/郑
,使协助
,匡辅
,隗衍
,突厥
 ,天辅
,魏
,奥隗
,乌隗
,乌隗
,尉邻
,魏
,奥隗
,乌隗
,乌隗
,翁
,铎臻
,铎只
,元
,东
,永
,元/第一
,元/头
,兀没里
,脱伦
,尤里
,元
,和睦
,爱
,东
,东
,氏族
,领格
,中心/河流/府
,安
,媳妇
,嫁
,媳妇们
,乌里
,丈
,写
,公务
,再
,传
,丈
,词尾表静词类附加成分
,词尾表复数附加成分
,散发
,须
,万
,弟
, 
,叔父
,和/与
,词尾表向位格附加成分
,加
,和/与
,弟媳
,弟
,向位格
,都斡
,弟
,向位格
,弟
,弟
,都讷瑰
,弟弟们
,弟
,领格
, 
,惕隐司
,横帐
,楚
,丑
,春
,丑女
,呈
,聚集
,积
,院
,副使
,楚卫
,楚里
,充
,崇骨德
,崇翁
,崇严
,丑隐
,字
,字
,领格
,字
,向位格
,言据
,字
,领格
,词尾表复数附加成分
,颛阿
,颛阿/颛遨
,（刘）焯
,智不困
,扎不古
,第二
,第二
,第二的（名）
,字/大名
,芝兰
,阿剌懒
,疾患
,主/诸
,护
,鲁
,诸速得
,主斯
,主
,向位格
,主
,领格
,主
,章
,东/左
,字
,领格
,诏/昭
,赵
, 
,赵国/汉儿
,赵
,极多/无数
,小
,年幼的/年青的
,词尾表副动词附加成分
,词尾表过去时附加成分
,两
,双
,多
,达剌干/首领/依次
,小底
,院
 ,赵国/汉儿 
 ,汉儿
,领格
,行
,驾
,古
,仲/中
,中
,向位格
,中
,道/盗
,铎衮
,铎衮
,奉
,太/甚
,仲
,庶
,仲
,仲
,庶
,仲
,超过
,道勒
,率
,铎鲁斡
,斛鲁宛
,从/率
,词尾表领格附加成分
,年
,父/爷
,男
, 
,叔父
,岁
,年/父/房/翁帐
,领格
,年
,向位格
,年
,年间
,年
,年间
,男
,男性们/兄弟
,父
,父房
,年
,领格
,男
,父
,父房
,舍利房
,里罕里
,阿撒里
,兴隆/蒲速碗
,辅佐
,名声
,名声
,名声
,里阿里
,阿剌里
 ,乾统
,辅佐
,荔枝
,阿里
,常
,迁
,行
,整
,岁
,时/左右
,后
,整
,向位格
,时节
,夏
,下
,乌
,武
,乌鲁
,叙位
,位
,叙位
,居位
,居位
,武卫
,乌鲁兀卫
,乌鲁兀也
,讹都斡
,哀
,赞许/怜爱
,溺爱
,武里烈
,乌里术辇
,院/宫/斡鲁梨
,上（京）
 ,五院 
,北院
,宫
,祖宗/先祖
,宫
,领格
,宫
,领格
,宫
,向位格
,先祖
,上辈
,冬
,嫁
,嫁
,嫁
,嫁
,我们
,诸位
,先
,陵
,行军
,实际/实授
,诸如
,处置使
,统军使
,明日
,磨鲁堇
,磨鲁堇
,部
,密
,密
,领格
,门
,蒸
,遗憾/惜
,沐古
,睦古
,毛古
,毛哥
,迷己
,大者/长
,磨鲁古
,麻苏古
,伯/长/第一
,大/第一
,大
,伟大
,孟/伯/长
,摩
,长
,领格
,麽
,末掇
,马
,大
,马
,领格
,模奴
,午/马
,木里/穆里
,弥里
,马
,马
,领格
,迷里吉/密儿纪/梅里急
,穆里给
,马
,领格
,穆里格
,迷里吉（国音宁苏的妻子姓“梦谷诺”，本名迷里吉）
,马群
,梅里急/迷里吉（复数）
,弥里
,领格
,穆里
,马
,追
,女儿/女孩儿
,伯/长
,年长的/长女
,银
,冰
,萌觚
,穆维
,麻隗
,萌
,明
,行猎
,猎
,猎夫
,去
,出发
,穆
,满宁
,满尼
, 
,打猎
,猎夫
,穆而茨
,明
,铭
,木杨
,弥里（复数）
,缅思
,篾里宁
,缅隐
,熙熙
,密
,弥
,珉
,长
,太庙
,向位格
,障/门
,迪里古
,婿
,二
,向位格
,再次
,像
,二
,复
,改
,历/顺次
,夷离毕
,叙
,排列次序
,生灵
,变坏/不利
,执掌
,夷列
,夷里也
,瑰理
,夷懒
,夷里衍
,户
,执笔/执掌
,辅佐/事奉
,那/纳
,良
,舅父
,舅祖
,外祖父
,国舅/舅
,翁
,国舅
,领格
,舅
,领格
,翁帐
,舅
,国舅
,舅帐
,祔
,使眠
,祔
,迁
,使眠
,安息
,眠
,眠
,去世
,安息的
,男
,兼
,词尾表领格附加成分
,七
,挞烈
,道洛
,多罗胡
,迭剌哥
,七
,向位格
,第七
,敌烈
,迪辇
,知
,知
,知
,知
,知
,知
,职务
,知
,知
,知
,远亲
,知
,知
,知
,任
,知
,知
,所知
,领格
,试
,知
,知
,知
,卡
,华
,词尾表过去时附加成分
,此
,今
,此
,今
, 
,脦俚蹇
,可敦
,绘
,绘像/面貌/脸面/颜
, 
,脦俚蹇
,今
,重新
,再
,四十
,四十
,领格
,然
,何
,好
,无
,朱优
,中
,仲
,术里者/女真
,术里者/女真
,术里者
,术哲
,女真
,术古
,夏
,中/忠
,中
,领格
,众
,只
,告
,指定
,指
,掌管
,辅佐
,辅佐
,辅佐
,令
,胡宁
,告发
,章/张/彰
,宰相
,宰相
,宰相们
,宰相
,领格
,宰相
,宰相
,宰相
,领格
,宰相
,知
,阳面
,阳/旁
,事
,第三
,第三
,乌鸦
,乌鸦
,阿辛/亚思
,贺坤
,曷胡
,面
,胡里
,胡乌里
,和古典
,皇族
,灾祸
,陵墓
,冲
,哈
,噶
,卓
,护
,胡母里
,惠宛
,赫睦本
,合睦不
,浑不鲁
,第三
,众
,第三
,匣马葛
,辖母葛
,混
,染（病）
,黑
,何
,领格
,曷古麽格
,曷苏/曷术
,殃
,祸
,祸
,内/里
,长
,晴朗
,嫡
,对
,者
,中
,算/选底
,算/心腹
,嫡
,亲属
,过继
,速稳
,算
,领格
,心腹
,词尾表过去时形动词附加成分
,词尾表领格附加成分
,温纳
,降
,降
,堕马
,五十
,五十
,领格
,日
,昼
,涅里吉
,那陪然
,纳剌里
,日
,领格
,日
,向位格
,日
,班
,伊离
,日
,使任职
,任职
,任职
,姐
, 
,表姐
,妻姐
,侄
,   
,后妻
,侄
,天祚
,祚/奥衍
,乱
,任
,祗侯
,任
,录用
,任
,奥乌勒钆普
,敖卢斡
,奥里斡
,斡鲁宛
,欧鲁宛
,奥鲁宛
,山
,领格
,任
,词尾表副动词附加成分
,词尾表复数附加成分
,臣/陈
,臣
,领格
,州/舟/妯/周
,州
,领格
,州
,酋
,州
,向位格
,州
,向位格
,州
,领格
,职
,州
,中
,中
,领格
,欧邻/欧伦/周邻
,和/并
,序
,按语
,俦伦
,周邻
,权
,啜里
,啜邻
,失职
,贤
,楚古隐
,楚衮
,札不
,祔
,打开
,术不姑
,并
,向/昔/曾
,慈露德
,札里德
,州
,妵古只
,秋只
,楚勒
,俶勒
,臣/陈/辰/宸
,眷
,宸
,领格
,等
,册
,政
,闸撒
,政
,闸撒
,闸撒狘
,仓
,领格
,除钵
,除睦古
,涿
,泽
,涿古
,阻卜/术不姑/直不姑
,阻卜 /术不姑
,领格
,术不姑
,扎不古
,智不困
,册
,尚/章/嫦/张
,迟女
,初鲁得/楮特
,二
,第二
,初鲁里
,第二
,仲
,第二
,领格
,第二的（名）
,字
,从
,祔
,向
,嗣
,附
,附葬
,楚
,楚越
,册
,丞/郕/承/诚
,承得
,楚不古
,楚卜勒古
,常
,诸
,主
,主
,猪粪
,嫡
,正
,城/承
,钱
,燦
,战
,战
,春
,御
,东/左
,持
,智
,秦
,庆
,血
,近亲/亲戚
,亲属
,领格
,孝
,孝
,孝
,孝
,向位格
,孝/赤实得本
,孝/赤实得本
,孝
,智先
,羽林
,亲族
,撰
,书写/题
,户
,撤讷
,并
,刻
,有
,昭
,朝
,南
, /  /  /  /  
,赵国/汉儿
,赵
,外甥
,乾/县
,玄
,县
,领格
,县
,县
,领格
,局
,居
,骑
,三
,三
,向位格
,三
,生/生员/未仕
,生员
,领格
,喜
,掩
,复
,大
,掩
,乌贝
,乌理
,乌古
,兀古勒
,兀古匿
,兀立宁
,兀古邻
,菩里宁
,奥里
,乌骨里
,朴
,业
,古黑
,阿思/宽大
,清
,宁
,眷顾
, 
,清宁
,阿撒林
,勃鲁恩
,部隐/布隐
,勃鲁恩
,布隐
,别部
,乙室已
,萧
,外戚
,布夷
,布猥
,李
,乌里只
,人
,民
, 
,妻/夫人
, 
,臣
,奴才
, 
,近侍/贴身
,祗候
,通
,述古鲁
,库勒
,库古勒
,控骨里
,孔古里
,兵
,空宁
,孔宁
,孔文
,控稳
,人
,向位格
,人
,领格
, 
,黔黎
,教育/培养
,输/尽
,儿
,词尾表向位格附加成分
,词尾表复数附加成分
,词尾表从比格附加成分
,侍/师/史/使/事/诗/氏/士/石
,使/事/侍
,使
,领格
,师/事/石
,领格
,师/诗
,向位格
,侍
,师
,领格
,师
,宾格
,使/侍
,查剌
,撒剌/酒樽
,谨
,谨
,查懒
,查剌柅
,姆哈
,阿姆哈
,阿睦葛/阿木葛
,阿麻
,因为
,关隘
,没里/河
,水
,向位格
,水/没里/江河
,领格
,任
,成为
,授
,任/为
,授
,成
,伪
,闭
,毕
,毕
,除
,闭
,闭
,使闭
,完毕
,闭
,完毕
,闭
,闭
,封
,闭
,闭
,闭
,除
,任
,成
,居
,行宫/宫帐、亭、官府、治事之所/斡鲁朵（使留下）
,行宫/宫帐、亭、官府、治事之所/斡鲁朵（使留下）
,向位格
,斡鲁朵（使留下）
,斡鲁朵（使留下）
,行宫/宫帐、亭、官府、治事之所/斡鲁朵（使留下）
 ,重熙
,万/图木/秃没
,特满
,图睦里
,小
,少
,季/小/少
,幼
,少
,幼
,季
,幼子
,少
,向位格
,安
,安哥
,安讷
,使在
,使在
,恩惠
,贡品
,仗使有
,阿厮
,名声/名望
,是
,曾在
,继（承）
,曾经
,已有
,词尾表过去时附加成分
,曾经
,曾经
,具
,有
,尊长/大
,将及
,受
,除/晋
,位置
,卦
,祖
,卦
,祖
,在
,阿竹隐/阿主隐
,阿思林
,阿查讷
,翼
,广
,睦
,孙
,除
,任
,又任
,氏
,乙林免
,氏
,从比格
,乙林免
,领格
,拏思
,民
,领格
,达领
,挞领
,达林
,挞领
,嗣/继/传/遗
,静
,祖
,阿不
,布
,向位格
,阿钵隐
,不宁
,领格
,阿钵隐
,布利
,领格
,阿不里
,妻
,挞里
,涂/徒
,鞑靼
,薨/卒
,薨
,卒
,薨
,卒
,薨
,同
,统/同/通/童
,词尾表向位格附加成分
,词尾表从比格附加成分
,词尾表复数附加成分
,陵
,千
,猛安
,千
,猛安
,辰/龙
,禄
,姐（复数）
,娘子
,娘子
,领格
,娘子
,向位格
,娘子（复数）
,三十
,三十
,向位格
,团
,团宁/团隐
,驼宁
,突里
,掩
,再次
,达里
,大
,第七
,掩
,迁
,大
,大
,第七
,子/鼠
,词尾表向位格附加成分
,词尾表从比格附加成分
,印
,礼
,礼/规矩
, 
,大定
, 
,大定
, 
,保宁
,使之有礼/降服/驾驭
,尧四勒钆初/尧四勒古
,印
,领格
,礼
,恭/谦/有礼节
,夺里懒
,押
,降服
,归服/施礼
,施礼
,追
,礼
,词尾表静格附加成分
,词尾表领格附加成分
,优昙波罗
,巳/蛇
,部
,尼兀秃
,部/路
,尼兀里
,部
,部
,部
,领格
,姐
,涅鲁
,尼里
,涅鲁古
,涅鲁古
,领格
,涅鲁衮/涅里衮/涅里古
,涅邻
,尼里宁
,涅里衮
,涅里衮
,潜
,词尾表复数附加成分
,袅鲁
,袅鲁
,乌古
,戌/狗
,涅赫
,女
,阳
,阳
,顶
,坡
,陵
,涅古只
,尼古只
,岩木
,岩木古
,涅睦
,涅睦衮
,岩木
,涅睦
,涅睦衮
,词尾表复数附加成分
,部
,面
,路
,面
,路
,部
,面
,部/路
,面
,部
,领格
,内
,开
,广大/富
, 
,开泰
,奴
,女
,词尾表复数附加成分
,嗣
,义兄
,姑姑
,非同胞
,诸妹
,胞妹
,妹妹
,姐妹
,嫋
,同胞
,同胞
,妹妹
,兄弟
,姐妹
,弟弟/妹妹
,妹妹
,领格
,妹妹
,领格
,妹妹
,领格
,奴鲁堇
,女鲁衮
,部/路
,褭古直
,涅李宁
,涅邻
,圣
,圣
,领格
,圣
,圣
,圣
,圣
,圣
,太宗
,惠文
,太宗
,领格
,梓
,普/仆/卜
,毕/比
,宾
,兵
,必
,院
,院
,元宁
,元宁
,有司
,僭
,假借/修饰/僭伪
,署
,命
,外观/形式
,长
,丹/檀
,章
,章
,章
,领格
,唐
,唐
,领格
,久
,检
,补
,欲
,   
,后妻
,近侍
,库
,补
,补
,班
,补
,欣
,不胜
,增补
,曾孙
,词尾表静词类附加成分
,词尾表复数附加成分
,夷离堇
,夷离堇
,词尾表静词类附加成分
,词尾表复数附加成分
,女
,都/度/笃/督/德
,冬
,桐
,笃
,杜
,冬/东/董
,敦
,生
,生
,向位格
,生
,圆
,生
,父
,生
,出身
,生
,生父
,生
,生
,生
,生
,生
,生
,生
,诞
,生
,生
,诞
,生
,向位格
,里
,地
,里程
,地方
,向位格
,里
,十
,府/夫/傅/辅/驸/副/父/富/福/佛
,副使
,夫人
,夫人
,领格
,使成功
,使兴盛
, 
,天庆
,庆
,富得尔
,富图衍
,兴
,枢
,庆
,庆
,兴
,蒲速里
,庆
,兴
,蒲速衍
,蒲速/蒲速盌
,涌出
,防
,傅/富/副/赋
,溥古
,浦古
,普古
,府/夫
,芬
,勃鲁恩
,奋勿腻
,蒲奴宁
,蒲奴隐
,奋勿腻
,范
,福耐
,酆/奉/冯
,蒲鲁
,蒲勒
,福乐
,蒲邻
,富邻
,普你
,富乐宁
,府/驸/复
,丰
,辅/福
,辅/福
,领格
,天
,天/广大
,凭天
,词尾表复数附加成分
,新
,晋
,秦
,信陵
,信宁
,习泥烈
,秦乐
,习撚/习涅
,晋涅
,习捻
,秦安
,辛衮/思奴古
,酒/修/秀/秋
,周哥
,夜
,晚
,夜
,领格
,夜
,向位格
,将/相
,鲜质
,斜茨
,斜宁
,宣
,位
,苏里赫
,苏得里赫
,苏阿里合
,位
,位
,习/悠
,宋
,差
,采
,月
,撒剌的/撒剌德
,撒剌的/撒剌丁
,撒剌里
,撒懒
,撒剌竹
,撒剌
,撒剌德
,撒剌汀
,撒懒
,苏
,寿
,乙辛/宜新
,义信
, 
,景福
, 
,寿昌
,乙辛隐
,乙辛宁
,乙辛
,撒哈撒
,撒胡竹
,撒割
,撒割里
,撒割竹
,使新
,曹
,扫古
,甲/乙/青
,甲/乙/蓝
,甲/乙/木
,慥古/扫古
,积
,鸠
,招集
,使之修饰
,鸠
,修
,修饰
,索热斯
,忠信
,索热斯
,详稳（将军）
,向位格
,详稳（将军）
,从
,左
,夏
,家
,散
,散/算
,驻/如/任
,驻/任
,公署
,署衙
,行帐
,驻/任
,坐/居/如
,三
,三宁
,三隐
,驻/任
,继
,嗣
,嗣/继
,挞不也
,撒八
, 
,统和
, 
,统和
,领格
,撒班/撒版/撒板/萨板/撒本
,撒巴里
,思巴里
,继承
,嗣
,狩猎/游玩
,猕
,往来
,行
, 
,打猎
,射/猎/射驰
,行
,祖
,苏
,病/疾
,病
,病
,色勒郭
,（岁）次
,隋
,隋
,僧
,荪
,逊宁/习宁/信宁
,遵宁
,青/清
,青/清
,领格
,静
,丧
,将/相/绛
,相
,领格
,相
,节/妾/谢/洁/借
,仙/先/前/千/遣/钱
,签
,熙格
,色格
,色格
,塞哥
,漆/齐/西/喜/积
,齐
,词尾表复数附加成分
,宋
,宋
,领格
,宋
,宋
,领格
,子/刺
,宗
,甲
,小
,甲/乙
,甲/乙/青
,甲/乙/蓝
,甲/乙/木
,甲/乙/黑/水
,甲/乙/青/锡
,甲/乙
,甲/乙/青
,甲/乙/蓝
,甲/乙/木
,武
,水
,安
,窝笃斡/讹都斡
,安/安宁
,窝笃盌/孽息
,兀没
, 
,大安
,窝里朵
,斡特懒
,斡特懒
, 
,重熙
,光明/兴盛
,使孽息
,窝里朵
,斡特懒
, 
,重熙
, 
,赵国/汉儿
, 
,汉儿
,琨得
,古邻
,桂
, /  
,赵国/汉儿
,等
,代词（他们/这些）
,词尾表向位格附加成分
,词尾表复数附加成分
,帐
,施/后人
,帐
,领格
,第五
,第五
,德
,盈满/丰实
,康
,德
,丰实/康/德
,迪里姑
,乣里
, 
,大康
,康
,仁德/德
,糺邻
,主因
,康/德
,德
,凭借格
, 
,天会
,德
,迭剌
,迪辇
,迭剌
,海/达赉
,迭烈德/迪烈德/敌烈
,迪里葛
,下/南
,燕
,杜里
,吐里
,帐
,挞不里
,塔塔里
,帐
,领格
,鞑靼
,第五
,第五
,五
,塔不也
,挞体
,陶瑰/桃隈/桃委
,得志赫
,迪里葛
,通
,迭剌
,陶猥思
,正
,大
,太/大
,袋
,四
,中
,中/仲
,上
,都
,迪鲁古里
,突厥
,曰
,酉/鸡
,都/度
,度
,铎臻
,图古辞
,图古轸
,脱古思
,治
,图得
,塌母里
,塌母
,团
,挞不也
,挞不也
,挞不衍
,挞不也
,厝
,瘗/厝
,殡
,瘗/厝
,挞不勒
,挞不本
,当阿
,唐阿
,当尔
,唐鲁
,唐古鲁
,羌人
,唐古
,领格
,/唐古部
,四
,第四
,第四
,都管
,度
,图古辞
,鞑靼
,（86、103、104、达打
,德
,封
,追
,记录
,器重
, 
,天眷
,特免
,赠
,故
,封
,封
,封
,被封
,封
,封
,封
,封
,封
,封
,封
,被封
,封
,封
,特每
,特末
,特末里
,特末
,向位格
,封
,特美/特每
,故
,展开
,颓昱
,末尾/最后
,俄
,正
,贴不
,涤鲁/廸鲁/敌鲁
,迪鲁古/敌鲁古
,迪辇
,迪鲁堇
,迪里德
,得利德
,敌烈
,领格
,敌烈/迪烈
,敌辇/迪辇
,钿匿
,地安
,殿隐
,天
,殿
,殿
,向位格
,天你
,殿宁
,殿
,南
,下/南
,燕
,点
,典
,敌
,词尾表从比格附加成分
,定
,度突里
,都特
,睹
, 
,保宁
, 
,咸雍
,通
,冬
,集中
,德
,迭剌
,大/全/脱古思/图古斯/秃古斯
,追
,故
,故
,故
,故
,同阿
,同瓦
,同阿/同瓦/同刮
,覩璐
,率领
,年幼的/年青的
,小
,攒
,都古衮
,度勒衮
,后
,春
,鹤剌
,后
,领格
,昊
,词尾表领格附加成分
,墓
,墓
,部
,宗族/族
,家
,捺钵
,宗室
,领格
,家
,帐
,捺钵
,捺钵
,家
,捺钵
,家
,世袭
,家
,帐/行帐/捺钵
,内赖
,内赖
,适合/适意/普遍
,使和睦/使和好
,友好
,友
,和谐
,亲和
,和
,悌
,亲和
,和睦
,和睦
,调和/和睦
,和
,和睦
,乃方里
,奴
,奴
,农
,部
,尼兀里
,尼鲁里
,代
,领格
,宗室
,/家
,代
,向位格
,家
,代
,世袭
,代/世袭
,领格
,奴瓜
,秋
,配偶/伴侣
,耨
,配偶们
,涅睦散
,配偶们
,配偶们
,燕斯
,日
,向位格
,诸亲族
,亲族/族人
,内
,泥礼/雅里
,奴
,女
,宁
,宁宁
,宁隐
,雅里/涅里
,女古/金
,宁
,俄
,词尾表向位格附加成分
,词尾表复数附加成分
,帐/鞑靼/塔塔儿
,帐
,糺里/丢额日
, 
,大康
,天德
,乣邻
, 
,天会
,特
,德
,迭剌
,下/南
,燕
,大
,四
,都邻
,都伦
,昌盛
,大/全/脱古思/图古斯/秃古斯
,大
,多
,第四
,第四
,封
, 
,天眷
,封
,封
,封
,封
,封
,封
,封
,封
,封
,封
,号/封
,特末
,特末
,号/封
,特末
,点
,敦
,敌烈
,领格
,迪烈
,迪辇
,定
,殿
,战
,词尾表从比格附加成分
,顿
,德颙
,定
,定
,度突里
,都特
,德括/和
,赠
,中
,词尾表副动词附加成分
,地方
,领格
,/城/州
,地方
,领格
,州
,夫人
,麽格
,美格
,领格
,么格
,迷己
,进/晋
,进
,领格
,酒
,秋
,子
,字
,（牌）子
,祖
,左
,祖
,祖
,领格
,静
,监/禁
,将
,节/姐/戒/结/谢
,济/祭/漆
,子/紫
,宗
,宗
,领格
,词尾表复数附加成分
,第三
,第三
,三
,留/六/柳
,崩
,崩
,坏颓
,崩
,坏颓
,六温/留引
,留宁
,留隐
,勒
,梁
,娄
,丽莉
,里库
,兰
,琳
,乱
,临
,娄
,洛
,老古宁
,老古隐
,禄
,龙
,卢
,腊/拉/剌
,兰
,剌韩
,剌罕
,兰
,腊
,廊/郎
,鲁
,林牙
,林牙
,领格
,林牙
,林牙
,卢不姑
,鲁不古
,卢不衮
,鲁不堇
,论
,来赠
,旨
,敕
,龙
,驴粪
,旅坟
,陵/令/领
,令
,领格
,陵
,向位格
,令稳
,梁
,呜
,呼
,哀
,哀
,练/连
,礼/醴/李/丽
,里只
,辽
,丙/丁
,丙/丁/赤/红
,丙/丁/赤/铜
,丙/丁/火
,略
,丙/丁
,丙/丁/赤/红
,丙/丁/赤/火
,辽
,猪/亥
,事
,卫/尉/位
,词尾表领格附加成分
,卫
,维
,隗衍
,事
,领格
,尉
,事
,向位格
,尉
,事
,卫
,维里
,隗因
,魏野
,维
,隗衍
,卫/尉
,词尾表领格附加成分
,尉
,蔚宁
,隗隐
,卫
,尉
,鞥
,银
,牛
,彦
,元
,元
,元
,吾/吴/五
,御/鱼
,吴八
,元
,元
,魏
,魏
,领格
,魏/维
,严
,御/翊
,五
,虞/于
,语
,向位格
,迎
,愿
,严/言
,仪/义/宜
,义
,尧
,尧（领）
,六十
,解里
,解里/谐领/谐里
,解里宁
,谐里
,解里宁/海邻/谐领
,治礼
,迤逦免
,夷离毕
,夷离堇
,因为
,饮
,未/羊
,未
,不勒
,勃鲁恩
,布隐
,词尾表领格附加成分
,时
,时
,破得/颇得
,时
,时
,时
,时
,时
,季节/尀光
,时
,领格
,可
,沁/信
,忻
,开
,哉
,也
,被说
,谓
,也
,称
,哉
,也
,也/哉/欤
,谓
,哉
,也
,呼
,欤
,谓
,开
,诰
,敕
,敕
,儿子
,姨/幼小
,妹妹
,疾
,右
,皇室
,戊/己
,戊/己/金
,戊/己/黄/金
,戊/己/土地/讷都
,女古
,戊/己/山/土/金/黄/女古/袅罗个
,戊/己/白/金
,金
,黄/金
,明
,上/升
,山/可汗/皇子
,汗
,父/皇帝
,黄/皇
,继承人/金
,继承人/储君
,寒食女
,霞懒安
,霞懒益
,续
,改任
,并/遂
,归入/分属
,词尾表过去时附加成分
,宿
,卫
,圣
,尊
,词尾表静词类附加成分
,词尾表向位格附加成分
,尊位/上/高
,瓦里
,永
,吴
,永
,词尾表形动词附加成分
,词尾表过去时附加成分
,词尾表领格附加成分
,词尾表复数附加成分
,恶
,甘（露）
,挞鲁里
,南
,胞
,同胞
,领格
,迭剌/迭剌哥
,同胞
,氏族
,迭剌
,领格
,宗室
,宗正
,归
,蒲挞里
,普达汉哩
,普达里
,浦打哩
,普达
,普达
,领格
,归
,归
,使归
,归
,回
,归
,返回
,归
,归
,返回
,拜
,归
,再次
,食
,品
,北衍
,北也
,彭
,房
,方/访/防
,访
,小
,孩子
,实封
,别胥
,别胥
,向位格
,别胥
,领格
,拔里
,比律
,拔里
,福蔚
,仆隗
,圯/倒塌
,落
,嗣
,都
,编撰
,蒲鲁本
,不鲁本
,不鲁本
,降生
,拔懒
,拔懒
,牌
,（印）牌司
,领格
,（印）牌司
,向位格
, 
,妻室
,女眷
,成/是
,成
,卜/仆/部
,即
, 
,臣
,部
,除
,为
,除
,为
,除
,为
,除
,为
,伪
,品
,阶
,品
,品
,频沐里
,成为
,门阀
, 
,后裔
,蒲古只
,部
,拜石
,朴如
,申
,除
,除
,成为
,除/成为
,除
,除
,除/成为
,立起
,拜
,除
, 
,未嫁
,拜
,除
,除/成为
,申/猴
,拜/除
,升
,除
,升
,除
,成为
,被立
,除
,成/是
,拜
,葩
,八
,判
,磐
,拿/控制/建立
,建
,拿/控制/建立
,建造/建筑物/报答/酬金
,建造/建筑物/报答/酬金
,建造/建筑物/报答/酬金
,拿/控制/建立
,颁/赐
,颁/赐
,拜
,邑
,牌
,帛
,功
,多余的
,麓/隈
,柩
,蒲古只
,仆隗
,奋兀
,蒲古
,本乌尼
,平
,兵
,芳
,宾
,妃/碑
,妃/碑
,领格
,品
,妃
,丕里
,匹里
,判/防/奉
,匹
,奉/冯/访/雱/琫/房
,秉节
,锋
,领格
,闰
,布鲁宁
,浦鲁宁
,先
,先
,部
,除任
,安泰/拓展
,古昱/兀欲
, 
,臣
,奴才
,臣
,领格
,仆
,攒/菆
,七十
,七十
,领格
,七十
,马/大牲畜
,夷离毕
,麻都不
,夷离毕
,领格
,立本
,夷离毕
,夷离毕
,翁/耆老
,应
,英
,词尾表向位格附加成分
,堂
,把
,谓
,撰
,具
,具
,撰
,撰
,撰
,撰
,制定
,撰
,制定
,命名
,撰
,撰
,撰
,撰
,制作
,国
,护
,宫
,兀欲
,爵位
,兀里本
,讹里不
,流传
,讹里本
,兀勒本
,固勒本
,皇统
,统
,扬威
,连接/连续
,皇族
,讹里本
,兀里本
,固勒本
,郭里本
,皇统
,统
,宾格
,流传
,豳/宾
,别胥
,别胥
,拔里/萧
,拔里/萧
,右
,右
,亿
,降下
,巴剌葛
,拔懒
,婆姑
,部/保/步/布/卜
,步
,本
,孩子
,子嗣
,孩子/子嗣
,孩子
,执子礼
,孩子
,孩子
,领格
, 
,孙
,仆
,又
,再
,拜
,除/起/立
,拜
,拜
,成
,除
,成
,拜
,任除
,成为/起立/任除
,伯
,昵称
,乳名
,布尉
,布隗
,仆隗
,修
,谕
,命令
,汴
,汴
,判
,丰富/郁
,孛吉只/别乞
,孛吉只
,阿保谨
,保格宁/孛堇
,骠
,部
,部
,部
,领格
,博
,万
,万
,图满/图没里/图木/同阿
,实阿
,领格
,耶阿
,铭
,词
,辞
,铭
,郭
,帐
,帐
,领格
,治所
,家
,观/宫/棺
,冠睦
,管宁
,观宁
,官隐
,第八
,族系
,帐
,房
,族的/族系的
,房
,帐
,领格
,壬/癸
,壬/癸/黑
,壬/癸/水
,黑/铁
,霞漱益
,壬/癸
,壬/癸/黑
,壬/癸/铁
,壬/癸/中央/土
,霞里葛
,壬/癸/黑
,词尾表领格附加成分
,该
,此/是
,其
,奚
,库莫奚
,奚隐
,忒邻
,该
,其
,这些
,阿娜野
,潢
,云
,尹
,疾
,仁
,日
,配偶
,儒
,闰
,尔
,氏
,日
,配偶
, 
,皇后/耨斡么/地母
,地
,地
,领格
,耨斤
,后土
,地
, 
,皇后/耨斡么/地母
,地
,领格
,首/第一
,正
,官/酋
,第一
,官
,领格
,首长
,官吏/诸官
,太守
,尹
,首长
,领格
,首长
,众官
,太守
,长官
,诸官
,禄/鲁/忒俚蹇/皇后
, / 
,脦俚蹇
,可敦
,可敦
,脦俚吉
,词尾表形动词附加成分
,斤
,九
,宫
,宫
,向位格
,宫
,宫宁
,宫
,诸宫
,宫
,宫
,领格
,耿
,覯
,寇苏乙
,构苏已
,九
,领格
,光/广
,权
,领格
,国
  ,让国皇帝
,国
,国
,向位格
,国
,国
,国
,领格
,公
,哥
,悠
,爽
,玉
,姑/觚/古
,固
,孤稳
,金
,剋
,领格
,悲哀
,哀
,哀
,哀
,高/诰
,高八
,高宁
,高隐
,高讷
,诰
,郭
,郭落
,管/观
,江/刚
,葛麽氏
,领格
,国/圭/贵
,瑰引
,国隐
,瑰引/邻引
,囯宁
,国胤宁
,国隐宁
,国
,领格
,国恩月
,贵银
,瑰里
,国
,检
,检
,车
,郡
,宫
,京/经/景
,京
,领格
,京
,向位格
,京
,领格
,兼/检
,检
,领格
,骑
,军/郡
,军
,领格
,军
,向位格
,家
,建
,领格
,监
,监
,向位格
,监
,骑
,宫/公/功/工
,宫
,领格
,公/宫
,领格
,公/功
,哥
,格么
,骑
,恭
,校
,校
,兄
, 
,惕隐司
,横帐
,领格
,诚然
, 
,遵令/遵旨
,伯父
,兄
,领格
,兄
,兄
,向位格
,福
,胡覩古
,福
,胡睹衮
,胡睹堇
,有福/也速该
,无
,何/可
,嫡
,懿
,词尾表领格附加成分
,词尾表向位格附加成分
,宜睦里
,夷末里
,《易》
,向位格
,号/名/讳
,号
,向位格
,号
,号
,领格
,号
,宾格
,夷里不
,夷里布
,懿
,克
,韩
,均
,秀/休
,休斡
,求哥
,苏斡
,休坚
,吼
,厚
,照耀/明
,功
,恩惠
,恩义
,受惠
,承恩
,库林
,尚位
,叙次
,使任职
,叙次
,渠劣/屈劣/屈烈/屈列/顼烈
,彩云
,迁
,惩治/伤害
,空
,哥/珂
,更
,开
,积
,兼领
,均
,知掌
,总
,知
,负责
,古
,酷
,姑
,限度
,诰
,境/方
,疆境
,领格
,境/方
,忽古只
,部/群
,室/房/支/族
,（68、108、横帐
,阔
,客
,韩奴
,航奴
,康奴
,痕得隐
,痕得
,边界
,宿卫
,边境
,领格
,左
,向位格
,边
,宿卫
,核正/申斥/惩戒
,宿卫
,核正/申斥/惩戒
,宿卫
,位
,宿卫
,护卫
,宿卫
,诸部
,宾格
,国/惠/徽
,瑰引
,至
,至
,至
,至
,徙
,使至
,使至
,至
,送
,施/送/致/奉
,送/致
,徙
,至
,至
,来
,谒
,受
,至
,至
,徙
,送
,发赴
,奉献
,所送
,陟/使到达
,至
,至
,领受
,挥/贵
,徽
,徽
,后
,许
, 
,姨母
,妹（复数）
, 
,姨母
,休库
,轻/庆/兴/邢
,兴宁
,京
,领格
,庆
,仙/显/贤
,君
,军
,领格
,家
,期/祁/嬉/易
,兴
,饮
,飞扬/飘然
,庆
,兴
,兴
,庆
,愉悦
,喜
,欣怿
,飘飘然/畅然
,空
,空
,领格
,哥
,词尾表凭借格附加成分
,词尾表宾格附加成分
,词尾表向位格附加成分
,酣
,酒
,词尾表复数附加成分
, 
,表姐
,妻姐
,先
,耶
,词尾表静词类附加成分
,只剌里
,格本
,词尾表复数附加成分
,夏
,扎
,散
,昭
,斡鲁朵
,斡笃宛
,斡笃盌/孳息
, 
,大安
,斡鲁朵/行宫
,斡鲁朵/行宫
,斡鲁朵
,斡鲁朵
,行宫
,行宫
,斡鲁朵
,行宫
,斡鲁朵
,斡鲁朵
,领格
,斡笃盌/孳息
, 
,重熙
, 
,重熙
,乌特赖
,斡特懒
,词尾表静词类附加成分
,词尾表复数附加成分
,睦/穆
,毛
,沐/睦
,词尾表领格附加成分
,词尾表形动词附加成分
,词尾表过去时形动词附加成分
,出使
,只剌
,正旦
,契丹
,契丹
,契丹的
,契丹
,契丹
,礼贤
,乌里坚
,荣
,四
,四
,向位格
,四
,突吕不
,突吕不
,兖
,方面
,疆场
,疆场
,领格
,位置
,职位
,伪
,位/就位
,使任职
,排座次
,授
,叙次
,居位
,伪
,位
,职
,向位格
,于越
,府/司/房院
,给予
,居位
,任/职
,词尾表副动词附加成分
,给予/赏赐
, 
,天授
,天赞
  ,让国皇帝
,于越
,嫁
,嫁
,嫁
,嫁
,嫁
,嫁
,嫁
,大
,大/太/台/泰
,太师
,领格
,太子
,大
,太保
,崇/嵩/高
,太保
,领格
,太保
,向位格
,太保
,高
,察
,详稳
,昌/长/尚/敞
,先
,先
,领格
,千
,阿古
,顾
,固
,阿古只
,阿古真
,古只宁（元朝皇帝“孛儿只斤·懿璘质班”）
,阿古
,阿郭
,阿古讷
,古里宁
,阿古邻
,乳
,如
,阿主
,竹
,帐/翁帐
,竹
,领格
,旨/指
,七
,迪烈
,敌烈
,迪烈
,查剌
,查懒
,查剌柅
,查剌
,十
,匀德实/匀德恝/寅底石/寅底哂/寅的哂
,八十
,霞漱益
               ,大壽（寿昌）七年歲（岁）次辛巳正月壬戌朔十三甲戌
,大
